Name,Age,Salary,Department
Alice,-1.2039096490306136,-1.3115576564675044,1
Bob,-0.3574106770559629,-0.43718588548916815,2
Charlie,1.2029473907299612e-15,-0.8743717709783363,0
David,-0.6960102658458232,0.0,2
Eva,0.48908829491868766,0.43718588548916815,1
Frank,1.3355872668933382,1.3115576564675044,0
Grace,-0.526710471450893,-0.2623115312935009,2
Isabella,-0.8653100602407533,-0.6120602396848354,2
John,-0.3574106770559629,-0.43718588548916815,2
